interval, time, power_consumption
1,1,0.033308
1.5,1,0.048308
2,1,0.063308
2.5,1,0.078308
1,2,0.090672
1.5,2,0.135672
2,2,0.180672
2.5,2,0.225672
1,3,0.210672
1.5,3,0.315672
2,3,0.420672
2.5,3,0.525672
1,4,0.450672
1.5,4,0.675672
2,4,0.900672
2.5,4,1.125672
1,5,0.930672
1.5,5,1.395672
2,5,1.860672
2.5,5,2.325672
